[
  {
    "baseType": 3,
    "name": "Audio URL",
    "defaultValue": "",
    "description": "",
    "helpText": "",
    "isSystem": false,
    "minLength": 0,
    "maxLength": 500,
    "validationRegex": "",
    "isValidate": false
  },
  {
    "baseType": 3,
    "name": "Description",
    "defaultValue": "",
    "description": "",
    "helpText": "",
    "isSystem": false,
    "minLength": 0,
    "maxLength": 20000,
    "validationRegex": "",
    "isValidate": false
  },
  {
    "baseType": 3,
    "name": "Short Description",
    "defaultValue": "",
    "description": "",
    "helpText": "",
    "isSystem": false,
    "minLength": 0,
    "maxLength": 350,
    "validationRegex": "",
    "isValidate": false
  }
]