{
  "integrations": [
    {
      "id": "29467509-bfc2-4b76-b0af-c70585021d8e",
      "name": "On-Call Alert",
      "action": "CREATE_EVENT",
      "type": "INBOUND_WEBHOOK",
      "deployed": true,
      "form": "39aef007-2b5f-4b7a-bd56-a4f33ddb21b0",
      "script": "/******************************************************************************\n * Inbound integrations - create an xMatters event\n *\n * Inbound integrations enable you to configure and initiate an xMatters event\n * from any system that can send a webhook.\n *\n * The following event properties can be configured from this script:\n * - recipients\n * - form properties\n * - event priority\n * - conference bridge settings\n * - responses (choose a subset of existing responses)\n *\n * Each inbound integration is authenticated independently, which enables you\n * to initiate an event without storing the login credentials of your xMatters\n * account.\n *\n * To run an inbound integration script, send a POST request to the\n * inbound integration URL and include data in the request body that the script\n * can use to populate the form. The script can access the request data from\n * the script's built-in request object.\n *\n * The following sample code shows how to read the request's payload and use it\n * to populate a form and initiate an event. You can use it as a template and\n * modify it to work with your integration.\n ******************************************************************************/\n\n/**\n * Parse incoming data\n *\n * Typically, data is passed into an inbound integration as XML or JSON in the request\n * body, but you can represent the data in another format or include it as a query\n * parameter.\n *\n * The script's built-in request object enables you to access the elements of the\n * request, including the payload contained in the request body and any URL\n * parameters. The following code snippets show how to retrieve these values.\n * Choose the option that matches how your system includes data in the request to\n * the inbound integration URL.\n */\nvar payload = JSON.parse(request.body);  //Use this if the payload is a JSON object in the request body\n//var payload = JXON.parse(request.body);  //Use this if the payload is XML in the request body\n//var payload = request.parameters;        //Use this if the payload is in a query parameter\n\n console.log(\"Body \" + JSON.stringify(payload));\n console.log( payload.transcriptionText);\n/**\n * Customize the event\n *\n * The trigger object is a built-in object that you can use to populate an xMatters form\n * when you initiate an event.\n *\n * The following code snippets show how to populate the trigger object with recipients,\n * form properties, the event priority, response choices, and conference bridge settings.\n *\n * To trigger the event, make a call to form.post(trigger) with the populated trigger\n * object. If you call form.post(trigger) without populating the trigger object, the event\n * is initiated with the form's default settings.\n */\n\n/** Configure recipients **/\n\nif (payload.recipient){\nvar recipients = [];\nrecipients.push({'id': payload.recipient});  //Syntax to add a user\ntrigger.recipients = recipients;\n}\n\n\n/** Customize form properties **/\ntrigger.properties['Audio URL'] = payload.shorturl;\ntrigger.properties.Description = payload.transcriptionText;\n\nvar transcription = payload.transcriptionText;\n\nif (payload.transcriptionText !== undefined) {  \n    if(transcription.length > 275) {\n        trigger.properties['Short Description'] = transcription.substring(0,274)+\"...\";\n    }\n    else {\n        trigger.properties['Short Description'] = payload.transcriptionText;\n    }\n}\nelse {\n      trigger.properties['Description'] = \"Listen to the recording, there was a transcription error.\";\n      trigger.properties['Short Description'] = \"Listen to the recording, there was a transcription error.\";\n}\n\n\n/** Set the event priority and handling section options**/\n//trigger.priority = 'HIGH';  //Valid values include: 'HIGH', 'MEDIUM', 'LOW'\n//trigger.expirationInMinutes = 120;\n//trigger.bypassPhoneIntro = false;\n//trigger.escalationOverride = false;\n//trigger.overrideDeviceRestrictions = true;\n//trigger.requirePhonePassword = true;\n//var voicemailOptions = {};\n//voicemailOptions.every = 5;\n//voicemailOptions.leave = \"callbackonly\";\n//voicemailOptions.retry = 3;\n//trigger.voicemailOptions = voicemailOptions;\n\n/**\n * Trigger the event\n * Use form.post(trigger) to initiate the event.\n */\nform.post(trigger);\n",
      "environment": "HOSTED",
      "authType": "URL"
    },
    {
      "id": "a77562ae-05f3-4e6d-b870-bda997117b5c",
      "name": "On-Call Conference",
      "action": "CREATE_EVENT",
      "type": "INBOUND_WEBHOOK",
      "deployed": true,
      "form": "92455303-5c49-41e1-82d6-7ba865d25fe8",
      "script": "/******************************************************************************\n * Inbound integrations - create an xMatters event\n *\n * Inbound integrations enable you to configure and initiate an xMatters event\n * from any system that can send a webhook.\n *\n * The following event properties can be configured from this script:\n * - recipients\n * - form properties\n * - event priority\n * - conference bridge settings\n * - responses (choose a subset of existing responses)\n *\n * Each inbound integration is authenticated independently, which enables you\n * to initiate an event without storing the login credentials of your xMatters\n * account.\n *\n * To run an inbound integration script, send a POST request to the\n * inbound integration URL and include data in the request body that the script\n * can use to populate the form. The script can access the request data from\n * the script's built-in request object.\n *\n * The following sample code shows how to read the request's payload and use it\n * to populate a form and initiate an event. You can use it as a template and\n * modify it to work with your integration.\n ******************************************************************************/\n\n/**\n * Parse incoming data\n *\n * Typically, data is passed into an inbound integration as XML or JSON in the request\n * body, but you can represent the data in another format or include it as a query\n * parameter.\n *\n * The script's built-in request object enables you to access the elements of the\n * request, including the payload contained in the request body and any URL\n * parameters. The following code snippets show how to retrieve these values.\n * Choose the option that matches how your system includes data in the request to\n * the inbound integration URL.\n */\nvar payload = JSON.parse(request.body);  //Use this if the payload is a JSON object in the request body\n//var payload = JXON.parse(request.body);  //Use this if the payload is XML in the request body\n//var payload = request.parameters;        //Use this if the payload is in a query parameter\n\n console.log(\"Body \" + JSON.stringify(payload));\n console.log( payload.transcriptionText);\n/**\n * Customize the event\n *\n * The trigger object is a built-in object that you can use to populate an xMatters form\n * when you initiate an event.\n *\n * The following code snippets show how to populate the trigger object with recipients,\n * form properties, the event priority, response choices, and conference bridge settings.\n *\n * To trigger the event, make a call to form.post(trigger) with the populated trigger\n * object. If you call form.post(trigger) without populating the trigger object, the event\n * is initiated with the form's default settings.\n */\n\n/** Configure recipients **/\nif (payload.recipient){\nvar recipients = [];\nrecipients.push({'id': payload.recipient});  //Syntax to add a user\ntrigger.recipients = recipients;\n}\n\n/** Customize form properties **/\ntrigger.properties['Audio URL'] = payload.shorturl;\ntrigger.properties.Description = payload.transcriptionText;\n\nvar transcription = payload.transcriptionText;\n\nif (payload.transcriptionText !== undefined) {  \n    if(transcription.length > 275) {\n        trigger.properties['Short Description'] = transcription.substring(0,274)+\"...\";\n    }\n    else {\n        trigger.properties['Short Description'] = payload.transcriptionText;\n    }\n}\nelse {\n      trigger.properties['Description'] = \"Listen to the recording, there was a transcription error.\";\n      trigger.properties['Short Description'] = \"Listen to the recording, there was a transcription error.\";\n}\n\n/** Set the event priority and handling section options**/\n//trigger.priority = 'HIGH';  //Valid values include: 'HIGH', 'MEDIUM', 'LOW'\n//trigger.expirationInMinutes = 120;\n//trigger.bypassPhoneIntro = false;\n//trigger.escalationOverride = false;\n//trigger.overrideDeviceRestrictions = true;\n//trigger.requirePhonePassword = true;\n//var voicemailOptions = {};\n//voicemailOptions.every = 5;\n//voicemailOptions.leave = \"callbackonly\";\n//voicemailOptions.retry = 3;\n//trigger.voicemailOptions = voicemailOptions;\n\n/**\n * Set conference bridge settings\n * The form must be configured to use a conference bridge for these settings to take effect.\n */\n//Syntax for joining new xMatters-hosted bridge\n//var conference = {};\n//conference.type = \"BRIDGE\";\n//trigger.conference = conference;\n\n\n//Syntax for connecting to an external conference with a static bridge number\n//var conference = {};\n//conference.bridgeId = \"Webex\";\n//conference.type = \"EXTERNAL\";\n//trigger.conference = conference;\n\n\n\n/**\n * Trigger the event\n * Use form.post(trigger) to initiate the event.\n */\nform.post(trigger);\n",
      "environment": "HOSTED",
      "authType": "URL"
    }
  ],
  "endpoints": [],
  "constants": []
}